"","UUID","Binomial","LifeSpan","TrophicLevel","BodySize","BodySize_std"
"1","96d77312-6792-4cf3-a776-938d7546835e","Albatrossia_pectoralis",56,4.30000019073486,0.138157894736842,-Inf
"2","29f87fc4-050d-4cfb-aeb4-780fcdf8c2a9","Aspidophoroides_monopterygius",NA,3.29999995231628,0.0144736842105263,-Inf
"3","02e8f25c-28e0-4854-8e53-dbd7beab9856","Zoarces_americanus",18,4.23999977111816,0.0723684210526316,-Inf
"4","ef3b8d06-259e-48b7-b133-1572ab96e3ee","Citharichthys_arctifrons",NA,3.28999996185303,0.0118421052631579,-Inf
"5","e23179e4-d80c-4073-8157-76c93494d857","Lumpenus_lampretaeformis",NA,3.58999991416931,0.0328947368421053,-Inf
"6","2fc0a5b7-f8cb-4876-a89a-10e512a41c32","Nezumia_bairdii",11,3.33999991416931,0.0263157894736842,-Inf
"7","bf125dea-2a5a-459e-8a3e-21838be5b7e1","Myoxocephalus_scorpius",18,3.69000005722046,0.0394736842105263,-Inf
"8","ea058076-8a46-41e0-b778-f8949edc51dc","Notacanthus_chemnitzii",NA,3.5,0.0789473684210526,-Inf
"9","2ad4cfbd-c4c7-41c8-a50f-ae11051e8a24","Hippoglossina_oblonga",NA,4.28999996185303,0.0269736842105263,-Inf
"10","b919dbb2-402c-4d67-9ff3-c80370636c9f","Ammodytes_dubius",NA,3.20000004768372,0.0164473684210526,-Inf
"11","57df6f5a-1ad0-4a31-a976-038b39d09c68","Cottunculus_microps",NA,4.1399998664856,NA,NA
"12","ad9ae512-7974-4b07-ab32-c5b5d9f0e3a5","Peprilus_triacanthus",NA,3.91000008583069,0.0197368421052632,-Inf
"13","753204d4-fe02-41d0-8cba-518f8a8bba09","Chlorophthalmus_agassizi",NA,3.69000005722046,0.0263157894736842,-Inf
"14","ce29df27-8115-4cd2-9e92-e4f730237326","Bathyraja_spinicauda",NA,4.40999984741211,0.111842105263158,-Inf
"15","4520852b-7e30-4208-a894-e9b6386caca6","Helicolenus_dactylopterus",43,3.94000005722046,0.0328947368421053,-Inf
"16","ee814d00-0595-4b0c-a380-24e6c58b02e9","Synaphobranchus_kaupii",NA,4.09000015258789,0.0657894736842105,-Inf
"17","c45002be-be40-4924-8a41-ea608e682cf2","Centroscyllium_fabricii",NA,3.83999991416931,0.0703947368421053,-Inf
"18","eb77114a-f85b-417e-8392-9aa0a37989cd","Trachyrincus_murrayi",NA,3.47000002861023,0.0243421052631579,-Inf
"19","91c56a83-176a-4634-a841-228da284f583","Boreogadus_saida",7,3.11999988555908,0.0263157894736842,-Inf
"20","ade51c84-4907-47b8-a2f1-266f3fd81e72","Hemitripterus_americanus",NA,4.44999980926514,0.0421052631578947,-Inf
"21","5e60ba07-018f-481e-8201-a5747c5de5ed","Phycis_chesteri",NA,3.99000000953674,NA,NA
"22","650d07b6-9f5e-4139-91b2-933f14bf7c41","Artediellus_uncinatus",NA,3.5,0.00657894736842105,-Inf
"23","14744e2a-bae1-4844-afa0-32e117038442","Leptagonus_decagonus",NA,3.22000002861023,0.0138157894736842,-Inf
"24","b84fecc0-06ff-493b-abb0-c04280938b41","Argentina_silus",35,3.3199999332428,0.0533086837906586,-Inf
"25","a9136855-5348-4a56-a249-b1a7648c7c83","Urophycis_chuss",NA,3.72000002861023,0.043421052631579,-Inf
"26","83f8f7a8-fb42-4ff6-9f4c-cf662a2ab64f","Salvelinus_malma",NA,4.40000009536743,0.0835526315789474,-Inf
"27","5b7f0040-3358-4bbd-a1f3-a77ae0797800","Alosa_pseudoharengus",9,3.39000010490417,0.033730525719492,-Inf
"28","943c44bf-de39-4d45-83d4-7350f40df68d","Citharichthys_stigmaeus",NA,3.40000009536743,0.0111842105263158,-Inf
"29","8dd00ac0-8ef0-4d47-9a26-ab4096e24991","Podothecus_accipenserinus",NA,3.35999989509583,0.0200657894736842,-Inf
"30","7a49dc5e-2081-4254-afa4-413ee9b061bc","Lepomis_gulosus",NA,3.34999990463257,0.0203947368421053,-Inf
"31","3372b7cf-2dae-4236-b7d9-ff9a6dec247a","Noturus_gyrinus",3,3.33999991416931,0.00855263157894737,-Inf
"32","13d479ea-3ae2-4a82-9b19-d7d625136d7e","Ameiurus_natalis",4,3.32999992370605,0.0394736842105263,-Inf
"33","11895320-2ca0-49dd-b880-8ad404968173","Ammodytes_hexapterus",11,3.13000011444092,0.0197368421052632,-Inf
"34","0d48035b-2778-45d9-b8ff-595506500307","Ameiurus_melas",10,3.80999994277954,0.043421052631579,-Inf
"35","24ab7eb7-5e74-4092-9816-ebd6c6866675","Alosa_sapidissima",13,3.48000001907349,0.05,-Inf
"36","ba5f871e-db6f-4179-bec7-5b8f2b40c9b6","Ictiobus_cyprinellus",26,3.10999989509583,0.0809210526315789,-Inf
"37","e2432eea-ed71-49a4-b9bc-8a4daf877e37","Umbra_limi",4,3.67000007629395,0.00921052631578947,-Inf
"38","1b954f28-f4ba-451c-8649-09a5ee75d7c5","Esox_americanus",NA,3.65000009536743,0.0268435837528856,-Inf
"39","5d68c9b7-f7c6-4e79-a03e-3c484acd82a9","Lepisosteus_oculatus",18,4,0.0986842105263158,-Inf
"40","915910c1-117c-4459-b0d1-a7a00c6e0e9e","Anarrhichthys_ocellatus",NA,3.50999999046326,0.157894736842105,-Inf
"41","290fa146-70bf-4d23-ad36-312c545d4747","Reinhardtius_hippoglossoides",30,4.38000011444092,0.0723684210526316,-Inf
"42","2de053a6-7024-4012-ab31-c79bcb82e0bb","Mallotus_villosus",10,3.15000009536743,0.0131578947368421,-Inf
"43","b292ab78-c772-4573-a319-ede005d43296","Ambloplites_rupestris",18,3.4300000667572,0.0282894736842105,-Inf
"44","7775099a-ce4a-4546-a206-99a68356eb61","Margariscus_margarita",4,3.04999995231628,0.0105263157894737,-Inf
"45","51f5e877-1882-4034-be0d-dbbbacd81bce","Pimephales_promelas",5,2.42000007629395,0.00664473709307217,-Inf
"46","8c4582b6-6ef2-4719-958f-dd3af50fa8a3","Salvelinus_alpinus",40,4.3899998664856,0.0703947368421053,-Inf
"47","9a24a7c0-6a9e-45f9-8bfc-05c3331db2c5","Cetorhinus_maximus",50,3.20000004768372,1,NA
"48","4e355e45-97b8-4516-b385-1049127bd2fa","Enchelyopus_cimbrius",9,3.57999992370605,0.0269736842105263,-Inf
"49","c4f379c6-3920-4c12-a802-01ad7472c576","Triglops_murrayi",NA,3.45000004768372,0.0148090782918428,-Inf
"50","505b4a86-7719-40a5-b10d-85db5f0f6058","Eptatretus_stoutii",NA,4.23999977111816,0.0417763157894737,-Inf
"51","cd4443a0-d309-494f-9a15-51237d111039","Brosme_brosme",20,3.90000009536743,0.0789473684210526,-Inf
"52","b01fc241-d333-43c2-8346-56d2cc52f178","Acipenser_transmontanus",104,3.25,0.401315789473684,-Inf
"53","4cf9898a-e853-4bcd-8921-36cc077b4746","Coryphaenoides_rupestris",54,3.5699999332428,0.0723684210526316,-Inf
"54","56752170-2aba-43e4-b8cf-e4eff5978f31","Ameiurus_nebulosus",9,3.6800000667572,0.0361842105263158,-Inf
"55","fe26169b-2507-4e3d-8d78-6542b2078f37","Lepisosteus_osseus",36,4.19000005722046,0.131578947368421,-Inf
"56","8273379e-1af3-4d56-9f0d-000f6c03e280","Ictalurus_punctatus",24,4.15999984741211,0.0868421052631579,-Inf
"57","289f3062-b149-4b92-8cab-582bc0b96c0f","Moxostoma_carinatum",12,3.55999994277954,0.0506578947368421,-Inf
"58","7860c000-6894-409a-94b3-f75f6ba3aa57","Moxostoma_valenciennesi",NA,3.3199999332428,0.0526315789473684,-Inf
"59","9e7349e3-63dd-4b39-8133-7eccbff80a5b","Moxostoma_macrolepidotum",9,3.13000011444092,0.0493421052631579,-Inf
"60","555f393a-3e23-43ca-8819-a6ab331d2f80","Moxostoma_anisurum",10,3.00999999046326,0.0486842105263158,-Inf
"61","16959217-e807-4beb-9823-404b7508bac8","Amia_calva",30,3.80999994277954,0.0717105263157895,-Inf
"62","4903d22e-e5d9-4917-a881-b26de0ecf563","Aplodinotus_grunniens",13,3.35999989509583,0.0625,-Inf
"63","cf72ce8e-1cd2-4fd5-8cb6-c1ebc5914f30","Morone_chrysops",9,4.03999996185303,0.0296052631578947,-Inf
"64","daa740dd-48a9-4c31-ad57-9d76d15122bc","Dorosoma_cepedianum",10,2.40000009536743,0.0407426252961159,-Inf
"65","d7be8c3a-5cc2-43fb-90c7-d5ebac262a12","Etheostoma_nigrum",4,3.19000005722046,0.0047368419797797,-Inf
"66","f82b95e7-6221-4c38-82a2-f1b9a97f8683","Percopsis_omiscomaycus",4,3.38000011444092,0.0131578947368421,-Inf
"67","5765df08-c825-4479-9074-21cb0a0b1fd8","Prosopium_cylindraceum",16,3.29999995231628,0.0388157894736842,-Inf
"68","2102b6e1-0c4a-4f9e-a07c-b4b93c21d832","Antimora_rostrata",NA,3.57999992370605,NA,NA
"69","5439a1ac-87b2-4e78-a247-da639336db62","Thunnus_thynnus",32,4.44999980926514,0.301315789473684,-Inf
"70","ee135865-3782-4769-a1b6-dd03d0feef5d","Salvelinus_confluentus",NA,3.72000002861023,0.0677631578947368,-Inf
"71","599ed3a1-a96a-4ac4-bd9a-76af650484f2","Anarhichas_minor",NA,3.83999991416931,0.118421052631579,-Inf
"72","7d2907d7-6837-4d7b-9fe9-0f9cd65a4ee5","Anarhichas_denticulatus",NA,4.03999996185303,0.118421052631579,-Inf
"73","0200e748-3b92-4eb0-b3fc-953dda42f9b5","Scophthalmus_aquosus",7,3.72000002861023,0.0300657899756181,-Inf
"74","849acad5-9a3e-4e15-8f47-947de304443d","Tautogolabrus_adspersus",6,3.72000002861023,0.025,-Inf
"75","f6929205-018f-45c8-80ae-4c93b8a95e70","Stenodus_leucichthys",22,4.15000009536743,0.0986842105263158,-Inf
"76","c55cc312-aadd-43cf-96f7-fb09e2ea9383","Cottus_cognatus",7,3.36999988555908,0.00796052656675638,-Inf
"77","d9f33260-76e0-41c8-b353-cde27a777053","Prosopium_williamsoni",17,3.66000008583069,0.0460526315789474,-Inf
"78","433cc794-7782-49c7-8b40-99ef93219924","Catostomus_catostomus",20,2.53999996185303,0.0421052631578947,-Inf
"79","fc8984da-cabc-4962-a69a-8c76e42f781c","Couesius_plumbeus",5,3.38000011444092,0.0151315789473684,-Inf
"80","183fd902-43e0-425a-a51f-5208783e69bb","Hiodon_alosoides",14,3.19000005722046,0.0358218403238999,-Inf
"81","c1043c36-532f-4b36-b91e-34a1cd6fbe4b","Platygobio_gracilis",NA,4.17000007629395,0.0210526315789474,-Inf
"82","862238cf-c9f0-44bb-b9d2-7685112e9d60","Notropis_atherinoides",4,2.79999995231628,0.00855263157894737,-Inf
"83","801b51c5-bf7b-414a-907d-43f3a3bbe577","Thymallus_arcticus",18,3.25999999046326,0.05,-Inf
"84","502033d7-b776-475e-b44d-edb9d43933fa","Amblyraja_radiata",28,4.19999980926514,0.0690789473684211,-Inf
"85","6b8513aa-c1e0-4fdf-ba66-b292735c3a04","Acipenser_oxyrinchus",60,3.26999998092651,0.265131578947368,-Inf
"86","1a0b34e0-4d16-467f-84b3-7f812c43d150","Anarhichas_lupus",22,3.85999989509583,0.0986842105263158,-Inf
"87","12a35fec-77aa-4954-9276-09c064cd5fbb","Isurus_oxyrinchus",32,4.51999998092651,0.292763157894737,-Inf
"88","d6e63f02-23b0-44a1-b2ce-2360795e3aaa","Lamna_nasus",65,4.46000003814697,0.230263157894737,-Inf
"89","a393c57b-a2a4-46da-906a-98eb58c7c4f8","Acipenser_fulvescens",152,3.27999997138977,0.180263157894737,-Inf
"90","95dd55e2-4516-43ef-8999-0315924065c1","Cyclopterus_lumpus",13,3.64000010490417,0.0401315789473684,-Inf
"91","6ab40cf1-2151-49be-ab19-84b476427b09","Anguilla_rostrata",43,3.82999992370605,0.1,-Inf
"92","ed989d84-0abc-4c9f-8ae4-42578bae07ad","Merluccius_bilinearis",12,4.48999977111816,0.05,-Inf
"93","71459138-14b7-448d-9f35-eac45350ccbb","Scomber_scombrus",17,3.63000011444092,0.0422808544725596,-Inf
"94","4666d2b5-78d0-4bc0-bf38-541a5ab1617c","Sebastes_norvegicus",60,4.03999996185303,0.0657894736842105,-Inf
"95","f579043c-959a-4ef8-ab59-1f779f72a9e1","Anoplopoma_fimbria",94,3.83999991416931,0.0789473684210526,-Inf
"96","d02357eb-38b0-40b6-b020-75ef080eddf3","Antimora_microlepis",20,3.5,0.0493421052631579,-Inf
"97","5de00831-fc91-4449-ae8a-8b76054b0924","Apeltes_quadracus",3,3.23000001907349,0.0042105263785312,-Inf
"98","17f1c794-c7bc-438a-bbe3-e932ed0cb015","Notropis_dorsalis",NA,2.85999989509583,0.00526315789473684,-Inf
"99","d5ebc33d-a6cb-4338-8d35-b94044c20ca5","Morone_saxatilis",30,4.65000009536743,0.131578947368421,-Inf
"100","a5ef5c9c-6280-426b-bcab-fdb45744ba0d","Brevoortia_tyrannus",NA,3.23000001907349,0.0328947368421053,-Inf
"101","1a4f0870-9732-414a-87f6-1995703e0220","Apristurus_brunneus",NA,3.94000005722046,0.0453947368421053,-Inf
"102","fca08840-1ebc-48b9-8021-17e87aef6535","Atheresthes_stomias",23,4.17000007629395,0.0552631578947368,-Inf
"103","c1f8e116-f687-4a69-a312-e6c0c4859f09","Aulorhynchus_flavidus",9,3.39000010490417,0.0118421052631579,-Inf
"104","504481c9-2b02-43ca-b23d-d7e05800546b","Bathyraja_aleutica",NA,4.1399998664856,0.105921052631579,-Inf
"105","abf28869-b8ad-4ffb-9a5d-1a1c4c0e8384","Bathyraja_interrupta",21,3.44000005722046,0.0565789473684211,-Inf
"106","72bbe537-a1ee-4ff0-8b6c-c8af5e4c345e","Bathyraja_trachura",20,3.99000000953674,0.0598684210526316,-Inf
"107","a229027c-ef21-4a3d-a1c3-7d8ee214d52b","Beringraja_binoculata",NA,3.92000007629395,0.160526315789474,-Inf
"108","27b22155-c01b-4adb-bc0f-3d61c06b5d4e","Acipenser_brevirostrum",67,3.25,0.0940789473684211,-Inf
"109","ea5d69c1-6bf9-416d-9278-8cc5e059b5e0","Acipenser_medirostris",60,3.51999998092651,0.177631578947368,-Inf
"110","24b72800-6411-438e-9b54-1253748cd6af","Agonopsis_vulsa",NA,3.26999998092651,0.0131578947368421,-Inf
"111","d3745403-c5a7-4b79-8a7b-712011828f1f","Bothrocara_brunneum",NA,3.50999999046326,0.0486842105263158,-Inf
"112","dc8c8595-5b78-4846-80b6-1f33ce968dc4","Alepocephalus_tenebrosus",NA,3.5,0.0401315789473684,-Inf
"113","c92b94f0-ebb8-440d-8972-3613529bf157","Allosmerus_elongatus",NA,3.25,0.0150657892227173,-Inf
"114","979f912d-2054-4361-8530-4287228f6633","Brachyistius_frenatus",NA,3.5,0.0144736842105263,-Inf
"115","d6b62fe5-42fb-47ef-88f8-b5ddddd9a3ac","Catostomus_commersonii",12,2.8199999332428,0.0427631578947368,-Inf
"116","44bc87c6-abfe-452b-9c9b-9fd6ac13efce","Ammodytes_americanus",NA,3.16000008583069,0.0154605263157895,-Inf
"117","a1f2c305-8bb8-46d4-923a-b2cca1de2dc7","Artediellus_atlanticus",NA,3.5699999332428,0.0127154600463415,-Inf
"118","e586b7d3-5319-4ac3-ba42-68fac3f76862","Bathyagonus_nigripinnis",9,3.25,0.0159210531335128,-Inf
"119","4d33cdd1-20d3-4053-b825-15dff4c809d9","Bathyagonus_pentacanthus",NA,3.24000000953674,0.0151315789473684,-Inf
"120","b16018f0-1916-46b8-acc0-43a0c17cc033","Bathylagus_euryops",NA,3.33999991416931,0.00855263157894737,-Inf
"121","24cd709d-0725-49cc-9a1a-374fc9b1f468","Bathymaster_signatus",9,3.75999999046326,0.025,-Inf
"122","5888dcc8-1266-41e3-8b76-76d7ae991973","Bathyraja_abyssicola",NA,4.13000011444092,0.103289473684211,-Inf
"123","a8d4913b-87ee-4526-bd31-b5f85c688566","Bathyraja_minispinosa",37,3.83999991416931,0.0542763157894737,-Inf
"124","3e720fe1-716c-4534-b5da-d9f5da40ffc9","Bathyraja_parmifera",17,4.19000005722046,0.0888157894736842,-Inf
"125","52692b03-17f3-4d3c-b49b-c8ca5184a977","Bryozoichthys_marjorius",NA,3.51999998092651,0.0197368421052632,-Inf
"126","0432258b-63a1-4d43-873b-df9bf29ef5e5","Careproctus_colletti",6,3.33999991416931,0.0289473684210526,-Inf
"127","6b41eea5-8731-4665-85ef-2841a060593c","Careproctus_furcellus",NA,3.32999992370605,NA,NA
"128","cbd1d0c0-0fe5-4197-aa19-bd87f0a6d26c","Careproctus_gilberti",NA,3.16000008583069,0.00585526290692781,-Inf
"129","d96b73fd-55d9-4827-a441-575900a2001e","Careproctus_melanurus",8,3.35999989509583,0.0355263157894737,-Inf
"130","0aae34d6-6389-4744-a83a-9f3ce66feadc","Careproctus_ranula",NA,3.1800000667572,NA,NA
"131","46eb16d0-2307-4e49-8829-4bd15d905453","Careproctus_reinhardti",NA,3.75,0.0197368421052632,-Inf
"132","41c50a56-4daf-458b-8f2f-6d1b4ed80837","Carpiodes_cyprinus",11,2.58999991416931,0.043421052631579,-Inf
"133","6ad22605-c47e-4c22-a58d-e88cf0df965c","Chauliodus_macouni",8,4.5,0.0192763152875398,-Inf
"134","e32294a2-8d49-4570-a2ba-b53f8f015a10","Chauliodus_sloani",NA,4.19999980926514,NA,NA
"135","de8e2a36-b6bf-44d9-936d-d14931a59c32","Chiasmodon_niger",NA,4.19999980926514,0.0186231908829589,-Inf
"136","f9cbb704-0650-4fb2-bee9-fe7ec0c85714","Chitonotus_pugetensis",NA,3.54999995231628,0.0151315789473684,-Inf
"137","5cb35746-51df-4a68-b507-e25d18bee602","Coregonus_hoyi",11,3.25999999046326,0.0243421052631579,-Inf
"138","1365cccf-0166-4ab4-8ef5-7e32cca65b5a","Coregonus_zenithicus",11,3.34999990463257,0.0263157894736842,-Inf
"139","3bbc7d73-88b5-4026-aad5-f65acc9587f5","Cottunculus_thomsonii",NA,3.5,0.0282894736842105,-Inf
"140","8a1e4c3d-c3fd-444a-8319-76db08614f29","Cryptacanthodes_aleutensis",NA,3,0.0197368421052632,-Inf
"141","2255fb10-e0fa-4c2a-b085-84b6be2d86cb","Cryptacanthodes_giganteus",NA,3.04999995231628,0.0769736842105263,-Inf
"142","bd14323a-cdb0-45e2-a8cb-1df1576d8dc7","Cryptacanthodes_maculatus",NA,3.03999996185303,0.0638157894736842,-Inf
"143","8c851533-0e2b-4270-9a21-d74490388681","Dasycottus_setiger",11,3.86999988555908,0.0480263157894737,-Inf
"144","46a3c5f5-4dc3-4a1f-a496-ba958d60784b","Diaphus_theta",NA,3.19000005722046,0.00749999974903309,-Inf
"145","42bb2757-3be2-4670-9a96-455a1467d055","Dibranchus_atlanticus",NA,3.42000007629395,0.0259210536354466,-Inf
"146","925ef905-0f9c-4c2b-9bdd-5438c2e5bb93","Engraulis_mordax",7,3.09999990463257,0.0188918882757036,-Inf
"147","c7fe6f46-bdf7-48d6-a712-959e78d80dfa","Enophrys_bison",NA,3.33999991416931,0.0243421052631579,-Inf
"148","f1801972-6c8c-4e7b-926b-3492b406579d","Eptatretus_deani",NA,3.76999998092651,0.0417763157894737,-Inf
"149","a5462f49-b923-442c-b1a5-39268d827efd","Eumesogrammus_praecisus",NA,3.5,0.0144736842105263,-Inf
"150","97ac57c6-9866-4882-baaa-b975c1a1b736","Eumicrotremus_spinosus",NA,3.24000000953674,NA,NA
"151","35cfb973-3d00-43e3-8513-b20231ece332","Foetorepus_agassizii",NA,3.36999988555908,0.0159868416033293,-Inf
"152","992f3370-9063-4c3e-ab73-a6c2d4f8e4f8","Gadus_ogac",NA,NA,NA,NA
"153","311f377d-b581-4944-923e-20e02341cb05","Gaidropsarus_ensis",NA,3.38000011444092,0.0263157894736842,-Inf
"154","e2b02871-b122-42f1-a646-282fce5c968a","Gasterosteus_wheatlandi",1,3.27999997138977,0.00499999993725827,-Inf
"155","df83e3ee-b688-4d31-9ded-d029aa9a221d","Gymnelus_viridis",NA,3.05999994277954,0.0368421052631579,-Inf
"156","9509cd09-6281-4a51-91cf-d8bc345ec794","Gymnocanthus_tricuspis",NA,3.27999997138977,0.0197368421052632,-Inf
"157","be6d5301-c25d-4907-bb33-d1d6ba3e9b08","Halargyreus_johnsonii",NA,3.38000011444092,0.0368421052631579,-Inf
"158","6e1b6d33-c4c6-4b9f-aa52-c15989ce2b78","Harriotta_raleighana",NA,3.54999995231628,NA,NA
"159","21f6a74c-8c37-46c4-beda-562a2c774382","Hemilepidotus_spinosus",NA,3.5,0.0190789473684211,-Inf
"160","0c36334e-a4d0-47f6-87fc-804830b5a368","Citharichthys_sordidus",9,3.46000003814697,0.0269736842105263,-Inf
"161","8710bee5-a544-489f-bb05-b57941a7dd71","Clupea_harengus",25,3.38000011444092,0.0342041434426057,-Inf
"162","8085f442-3662-49c4-b66a-840bec9905c2","Icelinus_burchami",NA,3.53999996185303,0.00855263157894737,-Inf
"163","64b3870c-99d5-4f15-8536-62763f4345bd","Icelinus_tenuis",NA,3.59999990463257,0.00921052631578947,-Inf
"164","33ea4cf7-15d0-4bac-aa0c-f2c988ae927f","Icelus_spatula",7,3.92000007629395,0.0138157894736842,-Inf
"165","86160122-c705-4d58-a35f-f74f4ad43d58","Icosteus_aenigmaticus",NA,4.5,0.140131578947368,-Inf
"166","a8e6934d-ede8-48ab-9140-6b02ddc60df1","Leptoclinus_maculatus",NA,3.27999997138977,0.0131578947368421,-Inf
"167","4a99dedd-71f6-446f-a274-a5fa00ca3e91","Clupea_pallasii",NA,NA,NA,NA
"168","78e99343-9da0-4d75-906c-33a5132b5175","Coregonus_artedi",11,3.34999990463257,0.0375,-Inf
"169","61c3db63-a351-4382-8657-9b71211e648c","Leuroglossus_schmidti",NA,3.41000008583069,0.0147297366669303,-Inf
"170","cca553c3-61d7-46db-a6b7-3a08b01b800e","Limanda_aspera",34,3.49000000953674,0.0322368421052632,-Inf
"171","f1972b22-eb75-4ffc-b8da-e1c14b943cb7","Liparis_atlanticus",NA,3.27999997138977,0.00855263157894737,-Inf
"172","2cf4a7ff-921d-45f0-8d51-2c7ab1db2733","Liparis_fabricii",NA,3.32999992370605,0.0138157894736842,-Inf
"173","a37a6f85-3911-4698-8e6e-afa7e2be335b","Liparis_gibbus",NA,3.74000000953674,0.0342105263157895,-Inf
"174","e587a56c-eec1-4596-8c05-790a9ad94c6f","Liparis_tunicatus",NA,3.5,0.0105263157894737,-Inf
"175","a00ba270-2839-4e16-8c1f-29b739f5b69e","Lumpenus_fabricii",NA,3.27999997138977,NA,NA
"176","8ea44f16-dcbb-4c64-be40-677720458476","Lumpenus_sagitta",8,3.28999996185303,0.0335526315789474,-Inf
"177","48a4ae4d-fa32-41b2-9407-469dc9a11816","Lycenchelys_crotalinus",NA,3.45000004768372,NA,NA
"178","9aa9f93f-b94d-45aa-8cf4-9fc97a33e711","Lycenchelys_verrillii",NA,3.34999990463257,0.0164473684210526,-Inf
"179","cd1a2c08-7d92-4958-bb6e-9f59f0a66a09","Lycodapus_mandibularis",NA,3.3199999332428,0.0131578947368421,-Inf
"180","edc07c06-aa75-410d-8441-0ae02570eb99","Lycodes_brevipes",NA,4.21000003814697,0.0197368421052632,-Inf
"181","e87da7b8-3632-4972-9247-27b854da17b8","Lycodes_esmarkii",NA,3.91000008583069,0.0493421052631579,-Inf
"182","81d1a4c0-3977-4f57-97bf-c794b66bd200","Lycodes_lavalaei",NA,3.9300000667572,0.0368421052631579,-Inf
"183","65fa8127-8bd2-4c24-9730-db2e16a68c62","Lycodes_palearis",NA,3.48000001907349,0.0335526315789474,-Inf
"184","e0118662-88f2-4716-b475-b19a9920be7b","Lycodes_pallidus",NA,3.14000010490417,0.0171052631578947,-Inf
"185","2666275f-c9b3-4131-a9bb-68cdd7390eed","Lycodes_reticulatus",NA,3.49000000953674,0.0236842105263158,-Inf
"186","7cfb3b9d-ad08-46bc-9593-c65b9950c7ea","Lycodes_terraenovae",NA,3.45000004768372,0.029736842607197,-Inf
"187","f4b4b864-a0a6-4ffc-8280-48a2c69fa897","Lycodes_vahlii",NA,3.40000009536743,0.0342105263157895,-Inf
"188","d3ce6f86-45f7-41e2-a818-7ac9d3ad00d7","Lycodonus_mirabilis",NA,3.49000000953674,NA,NA
"189","c4743ca9-7131-46de-962d-2c78c43ce7a3","Magnisudis_atlantica",NA,4.1399998664856,0.0408251034586053,-Inf
"190","999a47f7-8c67-42a9-b13d-f597a076a237","Malacocottus_kincaidi",NA,3.40000009536743,0.0131578947368421,-Inf
"191","0ca7d1b8-b37f-4e3a-b8c9-5db74dd363e0","Malacocottus_zonurus",12,3.78999996185303,NA,NA
"192","9d9c5bbf-4469-4131-8e27-192a7eee3d16","Melanostigma_atlanticum",NA,3.17000007629395,0.00986842105263158,-Inf
"193","a2e9f959-ad13-4511-ac43-92da9a8cb050","Menidia_menidia",2,3.19000005722046,0.00986842105263158,-Inf
"194","f9cf9c6b-5df8-40f2-ad94-0962392f058e","Microgadus_tomcod",NA,3.80999994277954,0.0250657884698165,-Inf
"195","22a6dc57-8d64-41b3-8820-a2bcd52904cb","Myoxocephalus_aenaeus",NA,3.44000005722046,0.0118421052631579,-Inf
"196","dcc46f39-e772-435c-84ee-38a9267c9f17","Myoxocephalus_polyacanthocephalus",17,3.75999999046326,0.0526315789473684,-Inf
"197","0a1dd769-b32f-422a-957e-f93c2eaa8f8e","Myoxocephalus_scorpioides",NA,3.39000010490417,0.0144736842105263,-Inf
"198","9dcbf1ec-4bb5-4596-b2eb-d5487d83e61a","Nannobrachium_regale",NA,NA,NA,NA
"199","9b21fe8f-edd7-4aa3-bcea-b437c96e8481","Nemichthys_scolopaceus",NA,3.4300000667572,0.0855263157894737,-Inf
"200","95d27daf-ecb5-484f-80d0-94dd71854197","Coregonus_clupeaformis",50,3.23000001907349,0.0657894736842105,-Inf
"201","73206dfe-e448-4b27-af5d-3dcf33fddc35","Paralepis_coregonoides",NA,4.07000017166138,NA,NA
"202","df4f32d7-2e55-4ba2-a945-ebab5a46fdea","Pholis_gunnellus",5,3.53999996185303,NA,NA
"203","325310c0-1a89-46bd-8323-36f75902d37d","Pleuronectes_putnami",NA,3.41000008583069,0.0197368421052632,-Inf
"204","b8aa4835-5b2b-45ef-a63a-7cd3750a46a6","Pleuronichthys_coenosus",NA,3.16000008583069,0.0236842105263158,-Inf
"205","a02c3b1d-1078-4514-b6f4-7299940b047b","Polyacanthonotus_rissoanus",NA,3.49000000953674,NA,NA
"206","9ffd6703-0850-40f5-a026-627b8ce52cfd","Polymixia_lowei",NA,4.01000022888184,0.0131578947368421,-Inf
"207","212ba6da-b89b-47e1-9e9b-bdbd655618e3","Poroclinus_rothrocki",NA,3.22000002861023,0.0164473684210526,-Inf
"208","0fd6ca65-b47b-4267-9cfd-131479837e8a","Poromitra_crassiceps",8.5,3.09999990463257,NA,NA
"209","e7640bab-71a3-4c91-b354-73fe1081249d","Pseudobathylagus_milleri",NA,4.21999979019165,0.0142105265667564,-Inf
"210","fd67f8af-9eb5-42d7-bd78-341bc794e011","Psychrolutes_paradoxus",NA,3.17000007629395,0.00460526315789474,-Inf
"211","0b0073f1-c04f-427d-9946-23686c2fbeec","Psychrolutes_phrictus",NA,3.48000001907349,0.0460526315789474,-Inf
"212","a3eafcb2-7cfb-4da1-b9a8-356513f7f30d","Radulinus_asprellus",NA,3.36999988555908,0.00986842105263158,-Inf
"213","a05b3388-a2b8-4d72-9a12-efd2a82ed198","Rajella_fyllae",NA,3.36999988555908,0.0394736842105263,-Inf
"214","32d9a915-861d-4488-8540-09278451f63d","Rhinochimaera_atlantica",NA,3.54999995231628,0.0921052631578947,-Inf
"215","598c6ab5-106d-41b3-8feb-c24f45aed0a3","Ronquilus_jordani",NA,3.13000011444092,0.0131578947368421,-Inf
"216","d3bc910e-50fd-46ec-8646-7694b43c43b5","Sagamichthys_abei",NA,3.09999990463257,0.0217105263157895,-Inf
"217","375cd6c3-baef-4827-a1a1-59c4630a2108","Coryphaenoides_acrolepis",73,3.79999995231628,0.068421052631579,-Inf
"218","efcdf55a-7727-4ced-a025-66bf9250589f","Coryphaenoides_cinereus",10,3.57999992370605,0.043421052631579,-Inf
"219","b0acc63d-36fa-4ab6-a1a6-9031683a909e","Culaea_inconstans",2,3.19000005722046,0.00572368408504286,-Inf
"220","72cacdd9-5a06-4d97-b26a-bf9c71a98c01","Cymatogaster_aggregata",9,2.99000000953674,0.0133552626559609,-Inf
"221","b949b9a2-33f9-4620-a743-b0b1635beca0","Scomber_japonicus",18,3.38000011444092,0.0421052631578947,-Inf
"222","da4f1b6a-d7fd-4253-ab3b-edc477a75d35","Scomberesox_saurus",NA,3.83999991416931,0.0328947368421053,-Inf
"223","013172c0-6264-43e1-86e2-94b2776d8a1b","Scorpaenichthys_marmoratus",13,3.61999988555908,0.0651315789473684,-Inf
"224","a3feb700-be38-43d8-93cf-269ff5896280","Sebastes_aleutianus",205,3.51999998092651,0.0638157894736842,-Inf
"225","09857d8f-ea27-4e70-9250-edd741b486b1","Dipturus_laevis",12.5648002624512,4.03000020980835,0.107236842105263,-Inf
"226","8402fc37-8b1c-4f94-84bf-4dcef2b98d25","Sebastes_emphaeus",NA,3.28999996185303,0.0118421052631579,-Inf
"227","5467fefb-18f6-45d7-8dd4-cdc24505fddf","Embassichthys_bathybius",NA,3.19000005722046,0.0309210526315789,-Inf
"228","67ad8a1d-8009-4ba5-bcc1-0e90722b08b9","Sebastes_goodei",35,3.46000003814697,0.0368421052631579,-Inf
"229","be528208-26d2-42c9-b9e2-fe166489a79e","Sebastes_jordani",31,3.20000004768372,0.0210526315789474,-Inf
"230","6c0ba28b-df63-4d70-8772-1c628d9f925d","Embiotoca_lateralis",10,3.32999992370605,0.025,-Inf
"231","7e14dfcc-92a0-40d8-885c-005288fa06c0","Eopsetta_jordani",35,4.09999990463257,0.0348684210526316,-Inf
"232","b85e5ae4-ed78-44fa-b937-ab1766ed59ca","Sebastes_melanostomus",90,3.80999994277954,0.0401315789473684,-Inf
"233","efa84125-4ed8-4db2-910d-4b28d8b32ea6","Esox_lucius",30,4.07000017166138,0.0951440753807362,-Inf
"234","b12651d6-5c57-4def-9e2c-ab310f17f0a8","Sebastes_nigrocinctus",116,3.51999998092651,0.0401315789473684,-Inf
"235","bfdc5aaa-916a-44bb-b887-7d4b63d64878","Serrivomer_beanii",NA,3.88000011444092,0.0513157894736842,-Inf
"236","8556dc37-0d77-48a2-9a2d-7c2e4c360c33","Sigmops_elongatus",NA,3.29999995231628,0.0180921052631579,-Inf
"237","b5bf1472-5859-49b5-9e09-1b8da12ad8bc","Simenchelys_parasitica",NA,3.6800000667572,0.0401315789473684,-Inf
"238","a61b51eb-be8d-4305-8629-d7a1687ce7cc","Somniosus_microcephalus",392,4.21999979019165,0.280921052631579,-Inf
"239","674ace43-ff4c-4b31-97b2-631c4b7eb504","Stenobrachius_leucopsarus",8,3.17000007629395,0.00855263157894737,-Inf
"240","cbd26de8-830f-4ea8-8e69-c53f1a17fcd3","Stenobrachius_nannochir",NA,3.03999996185303,NA,NA
"241","87c1eda4-0f83-4da0-a915-5bbd1b506e7e","Stichaeus_punctatus",NA,NA,NA,NA
"242","4cbca689-7a69-4200-aea2-2187c67ea7f0","Stomias_boa",NA,NA,NA,NA
"243","798938e2-a25e-4634-bfd4-f9fe0396f8ac","Syngnathus_fuscus",NA,3.33999991416931,0.0217105263157895,-Inf
"244","55b1d4b1-85dc-45ca-a683-ef52c0e05f8f","Tactostoma_macropus",NA,4.51000022888184,0.0225657889717503,-Inf
"245","18764e68-08c0-4fe9-a336-3c42fe936689","Talismania_bifurcata",NA,3.47000002861023,NA,NA
"246","75f64721-238d-4a45-a6b6-3b519eede6b4","Tetronarce_nobiliana",NA,4.5,0.118421052631579,-Inf
"247","12b04246-810e-49f7-87db-6e41e3b0f333","Trachurus_symmetricus",30,3.5699999332428,0.0532894736842105,-Inf
"248","cbf05f64-07fa-45f4-ae0b-67d919c93ead","Trichodon_trichodon",NA,3.95000004768372,0.0200657894736842,-Inf
"249","0ca8e305-d338-46bd-9ffe-2f0f7333673e","Triglops_macellus",NA,3.3199999332428,NA,NA
"250","1724e7f2-a313-45fe-87ef-045ce8d25410","Triglops_pingelii",6,3.42000007629395,0.0131578947368421,-Inf
"251","67a5283d-aa6c-4841-b353-4080c3872d60","Ulvaria_subbifurcata",NA,3.27999997138977,0.0118421052631579,-Inf
"252","7de2d7c2-7449-4b39-aea6-54156fdfb4f6","Xeneretmus_latifrons",NA,3.20000004768372,0.0125,-Inf
"253","01002eba-af00-49b4-b207-b076ba58b056","Xeneretmus_leiops",NA,3.25,0.0157894736842105,-Inf
"254","282b9fe7-bea4-4e09-acfc-ff3e8bbb4442","Xeneretmus_triacanthus",NA,3.22000002861023,0.0118421052631579,-Inf
"255","611ff38e-a084-4a78-93be-2698417d67c8","Zenopsis_conchifer",NA,4.44999980926514,0.0526315789473684,-Inf
"256","8732f2c5-0898-4a7b-9116-124a525956d9","Esox_masquinongy",30,4.5,0.120394736842105,-Inf
"257","2015df9a-3ee4-4446-8231-40bfcd1537b7","Fundulus_diaphanus",NA,3.29999995231628,0.00855263157894737,-Inf
"258","b1bd8762-7881-4ddc-bd21-217fa62b4220","Fundulus_heteroclitus",4,3.58999991416931,0.00986842105263158,-Inf
"259","5a70d7d6-eda5-4874-8bcb-17db664180ba","Gadus_chalcogrammus",28,3.5699999332428,NA,NA
"260","9be4decb-b227-4429-b603-09131dea30ea","Gadus_macrocephalus",25,3.77999997138977,0.0782894736842105,-Inf
"261","08b6417c-4c9d-4f16-ae53-02eeb06f1c05","Gadus_morhua",25,4.09000015258789,0.131578947368421,-Inf
"262","4edb52e2-1521-49a0-b506-fef733fff306","Gasterosteus_aculeatus",8,3.30999994277954,0.00723684210526316,-Inf
"263","6e68e1bb-58d0-4d85-a16a-aab7793ad55a","Glyptocephalus_cynoglossus",25,3.17000007629395,NA,NA
"264","1146a477-4411-4ec4-9ea9-6e7e2c84539a","Glyptocephalus_zachirus",27,3.25,0.0394736842105263,-Inf
"265","11e956e4-1a05-4d59-9f5f-a44c16d9a772","Hemilepidotus_hemilepidotus",NA,3.52999997138977,0.0335526315789474,-Inf
"266","b8d26704-6464-4127-af61-792e6ea19698","Hemitripterus_bolini",23,4.48999977111816,0.0480263157894737,-Inf
"267","a32d24fb-48e6-4caa-ab0c-a795538f3b76","Hexagrammos_decagrammus",18,3.58999991416931,0.0401315789473684,-Inf
"268","da146bd9-a185-4606-acd7-49c9adfe6fc2","Hexanchus_griseus",NA,4.48000001907349,0.317105263157895,-Inf
"269","d5213706-7e68-4030-ba57-b4ea37b42a84","Hippoglossoides_elassodon",27,3.67000007629395,NA,NA
"270","edbf15ff-b1e2-4ab5-bbdf-40936da55671","Hippoglossoides_platessoides",30,3.73000001907349,0.0543421042592902,-Inf
"271","6091d17a-391e-4f12-b831-379a8227c84a","Hippoglossus_hippoglossus",50,4,0.309210526315789,-Inf
"272","e14f601b-6bd2-45f8-997c-d3491c309c94","Hippoglossus_stenolepis",55,4.1399998664856,0.169736842105263,-Inf
"273","42bfd711-f65a-48f3-8bdc-58968613efb1","Hydrolagus_colliei",14.0638999938965,3.6800000667572,0.0657894736842105,-Inf
"274","80bf5bf6-d98d-4ff7-bd59-cf056578e9fa","Icelinus_filamentosus",NA,3.45000004768372,0.0177631578947368,-Inf
"275","86879f37-edda-4bdd-9780-3d95cde656e9","Isopsetta_isolepis",11,3.58999991416931,0.0361842105263158,-Inf
"276","da8e341c-8d55-45ff-aba2-205610d463b7","Labidesthes_sicculus",2,3.34999990463257,0.00855263157894737,-Inf
"277","1daea77e-6f27-4fe9-8320-f4d688d3011f","Lepidopsetta_bilineata",26,3.1800000667572,0.0381578947368421,-Inf
"278","791623ee-8c38-4a22-a6fb-18b1d91cce12","Lepomis_gibbosus",12,3.25,0.0263157894736842,-Inf
"279","5f917cb1-c2f5-4770-bdb9-99d06aee4339","Lepomis_macrochirus",10,3.24000000953674,0.0269736842105263,-Inf
"280","7bab3996-3239-4d31-91c4-7fd98d8e9404","Leptocottus_armatus",10,3.6800000667572,0.0302631578947368,-Inf
"281","bdad1840-46d0-4515-b389-2c145fbf643a","Leucoraja_erinacea",12,3.60999989509583,0.0355263157894737,-Inf
"282","a6f22c37-2396-4116-87e2-93e60a0b1d03","Leucoraja_ocellata",20.7999992370605,4.42999982833862,0.0723684210526316,-Inf
"283","4e9f491b-e389-452a-a316-d77451aa3bb8","Limanda_ferruginea",12,3.27999997138977,0.0421052631578947,-Inf
"284","323390b4-8937-4fef-aa17-c03bc8279115","Lophius_americanus",30,4.51000022888184,0.0789473684210526,-Inf
"285","3a4b0d9c-ef78-4cc7-b1f6-cdb99a679ab8","Lota_lota",20,3.83999991416931,0.1,-Inf
"286","89e7aa39-f1b0-4e7c-a743-7597ac948251","Lycodes_cortezianus",NA,3.46000003814697,0.0328947368421053,-Inf
"287","2c2a3576-62c1-409b-ad2f-61d2628d457f","Lycodes_diapterus",NA,3.40000009536743,0.0217105263157895,-Inf
"288","f53f1a0a-15c4-4451-9ae1-97732ed1a053","Lycodes_pacificus",5,3.27999997138977,0.0302631578947368,-Inf
"289","9001d989-5d55-447d-805a-f9523db0e678","Lyopsetta_exilis",NA,3.45000004768372,0.0230263157894737,-Inf
"290","10be7029-5105-482c-a64a-9c4bb5a1c4f9","Macrourus_berglax",25,3.71000003814697,0.0723684210526316,-Inf
"291","fd1b13d3-4eca-4e8f-a446-5d91a2fce7b5","Malacoraja_senta",15,3.47000002861023,0.0401315789473684,-Inf
"292","a8f5d33f-0c7f-4d9d-9db3-28f3d896cc6f","Melanogrammus_aeglefinus",20,4.03000020980835,0.0736842105263158,-Inf
"293","1dd6378f-33df-4bfb-a21b-9813f62ed233","Merluccius_albidus",4.14799976348877,4.23000001907349,0.0267105253119218,-Inf
"294","64d0e691-ae9b-4441-9951-0b637e28dc59","Merluccius_productus",16,4.32000017166138,0.0598684210526316,-Inf
"295","aa574932-c55e-4046-9a9d-f9baff51a3e7","Microgadus_proximus",NA,3.57999992370605,NA,NA
"296","a1e42e78-d280-4ab5-b532-77643d696d4a","Micropterus_dolomieu",26,3.55999994277954,0.0453947368421053,-Inf
"297","dcf9e3e1-0a31-46aa-9e40-42f6ecd9497f","Micropterus_salmoides",23,3.83999991416931,0.0638157894736842,-Inf
"298","39f9660c-1254-4220-9bf8-fd46698014a8","Microstomus_pacificus",56,3.22000002861023,0.05,-Inf
"299","524037f7-8a67-4348-abb7-06f7736d3a89","Morone_americana",16,3.14000010490417,0.0381578947368421,-Inf
"300","3055a7ab-5b05-4bd2-aff3-db61f214a26f","Myoxocephalus_octodecemspinosus",11,3.61999988555908,0.0302631578947368,-Inf
"301","951bea1e-52d8-4d29-8cea-8646c4a02b3e","Myxine_glutinosa",NA,3.44000005722046,0.0625,-Inf
"302","dde84d5c-8d97-4327-ab46-14bd77f483e1","Notemigonus_crysoleucas",9,2.65000009536743,0.0210526315789474,-Inf
"303","efe66f03-b433-4eab-9682-7e75e30f89c2","Notropis_hudsonius",5,2.10999989509583,0.00986842105263158,-Inf
"304","f029bdb9-a28c-4bde-be20-05ee19c8d866","Parasalmo_clarkii",NA,NA,NA,NA
"305","1df297a9-8b36-4f8c-9590-6409906f7ccf","Oncorhynchus_gorbuscha",3,4.48999977111816,0.05,-Inf
"306","b139e7a9-d604-485b-a75c-5b037b4fee18","Oncorhynchus_keta",7,3.74000000953674,0.0669118448307638,-Inf
"307","ab9e90f2-c264-4a69-b9ba-41f620004ee0","Oncorhynchus_kisutch",5,4.17999982833862,0.0710197348343697,-Inf
"308","ab3aae74-4a78-4b4c-964b-b9e381611a45","Oncorhynchus_mykiss",11,4.07999992370605,0.0802631578947368,-Inf
"309","8e08acf1-e8c1-4330-bc8c-058b31402b2e","Oncorhynchus_nerka",8,3.53999996185303,0.0552631578947368,-Inf
"310","ced658b3-5a05-45b9-b3f8-c0a5d87c7d18","Oncorhynchus_tshawytscha",9,4.40000009536743,0.0986842105263158,-Inf
"311","c5068763-9147-4be2-ab43-d86e52ded2dd","Ophiodon_elongatus",25,4.53000020980835,0.1,-Inf
"312","5fa65545-9ea5-466d-9624-c9ac5bfb314a","Osmerus_mordax",7,3.45000004768372,0.0234210516277112,-Inf
"313","bec38e8a-afa9-4246-b32f-00b5c25749f8","Oxylebius_pictus",8,3.42000007629395,0.0164473684210526,-Inf
"314","d245e328-f87a-4894-8a69-c1c4aef9deee","Parophrys_vetulus",22,3.39000010490417,0.0322368421052632,-Inf
"315","58e16fd5-c724-45c3-8aa1-41e56d8df134","Perca_flavescens",11,3.67000007629395,0.0328947368421053,-Inf
"316","db442360-d500-4566-a1df-28c0b6a8727b","Percina_caprodes",3,3.4300000667572,0.0118421052631579,-Inf
"317","6a02fa97-5892-4837-98c8-e205fab46bfa","Pimephales_notatus",5,2.66000008583069,0.00723684210526316,-Inf
"318","c34e705a-3b19-4c19-9b7b-3fff78466850","Platichthys_stellatus",24,3.57999992370605,0.0598684210526316,-Inf
"319","d81e3ebe-fc03-402d-b516-e2c122292031","Pleuronichthys_decurrens",NA,3.84999990463257,0.0243421052631579,-Inf
"320","d3495cca-b20d-4eaa-a374-cab74bc4a151","Pollachius_virens",25,4.30999994277954,0.0855263157894737,-Inf
"321","6c780c40-ff7a-4862-bbd9-17f4ad87183b","Pomoxis_nigromaculatus",15,3.80999994277954,0.0322368421052632,-Inf
"322","74ce869b-2b63-4cd7-bcdf-d25174c4eabf","Porichthys_notatus",NA,4.03999996185303,0.025,-Inf
"323","5a22e505-2f1b-45a2-8715-163a1a28d3a2","Psettichthys_melanostictus",NA,4.05999994277954,0.0414473684210526,-Inf
"324","c6dbbf44-ba64-473e-94e0-d8fef582511f","Pseudopleuronectes_americanus",14,3.61999988555908,0.0421052631578947,-Inf
"325","58669373-c952-450f-9181-e1d19e8c3d81","Pungitius_pungitius",5,3.3199999332428,0.00592105263157895,-Inf
"326","5591cb7d-f48e-4bd0-87d0-23ea693b1f6d","Raja_rhina",NA,NA,NA,NA
"327","0ea07e09-ef6a-4a2e-a56b-aab4c95e1679","Rhacochilus_vacca",NA,3.38000011444092,0.0346830443201416,-Inf
"328","c9bdd969-1f33-45f6-9170-97a8039f8f46","Salmo_salar",13,4.5,0.0986842105263158,-Inf
"329","ed8923ce-d0c1-46a8-ab40-8813bb1ec98b","Salvelinus_fontinalis",24,3.30999994277954,0.0623398153405441,-Inf
"330","5f776bd6-0202-4920-a1a8-fb6dcea2564c","Salvelinus_namaycush",50,4.28999996185303,0.0986842105263158,-Inf
"331","8b6696e4-137d-4bee-bbf1-dfcf781ded1a","Sander_vitreus",29,4.19000005722046,NA,NA
"332","5adf5a1e-f33a-4739-b480-7a9f173351f2","Sardinops_sagax",25,2.83999991416931,0.0306734391145016,-Inf
"333","11f391e6-61f6-499f-a8ca-7822c3f726b2","Sebastes_alutus",103,3.48000001907349,0.0348684210526316,-Inf
"334","3ee517ff-da9e-4810-9be5-89c230d4f1e7","Sebastes_auriculatus",34,4.03000020980835,0.0368421052631579,-Inf
"335","70a1d32a-98bf-4711-9504-a6e8654034f3","Sebastes_aurora",75,3.71000003814697,0.0269736842105263,-Inf
"336","b2765be2-24ef-4156-84b5-80b514ca64f8","Sebastes_babcocki",106,3.8199999332428,0.0421052631578947,-Inf
"337","8a615bf2-61fe-4383-b3c6-f0e5468dc4f0","Sebastes_borealis",157,4.30999994277954,0.0710526315789474,-Inf
"338","31cdf10e-577f-4576-bfdd-075a14ac15c7","Sebastes_brevispinis",82,3.83999991416931,0.0467105263157895,-Inf
"339","d77da67e-0929-49cb-b98d-884c6c8a03ea","Sebastes_caurinus",57,4.05999994277954,0.0381578947368421,-Inf
"340","00719fae-9f78-4516-8f8b-7950b7b115ff","Sebastes_crameri",105,3.79999995231628,0.0381578947368421,-Inf
"341","0070e0e7-4b63-457c-a32e-5f5a4a00a4bd","Sebastes_diploproa",86,3.74000000953674,0.0302631578947368,-Inf
"342","636ec63d-425e-483f-8e80-d4866264528f","Sebastes_elongatus",54,3.70000004768372,0.0256578947368421,-Inf
"343","6e3a0a68-9cfc-493a-86ee-c4b4908d8db3","Sebastes_entomelas",60,3.70000004768372,0.0394736842105263,-Inf
"344","8a5261ac-f20b-4c24-9b8e-9fef2c10dbff","Sebastes_fasciatus",21.1065006256104,3.24000000953674,0.0197368421052632,-Inf
"345","8b1ce664-d5b4-41ac-adcd-8ecc4bd87e44","Sebastes_flavidus",64,4.15000009536743,0.043421052631579,-Inf
"346","5450ff79-7057-4954-957c-b36b61ae2803","Sebastes_helvomaculatus",87,3.71000003814697,0.0269736842105263,-Inf
"347","fe0d50b0-b5a5-4096-bd8d-aa916c75c5f4","Sebastes_maliger",90,3.83999991416931,0.0401315789473684,-Inf
"348","b5b4c24e-058f-4171-82aa-55f462fae623","Sebastes_melanops",50,4.38000011444092,0.0414473684210526,-Inf
"349","dff4121c-2c87-43da-bf28-0c002f1d1022","Sebastes_mentella",75,4.11999988555908,0.0509868421052632,-Inf
"350","e0005cb1-a606-4da9-a3a1-8a7b0b74dd65","Sebastes_miniatus",60,3.90000009536743,0.0598684210526316,-Inf
"351","866e7a70-1c1e-4971-8ab3-a46735cb0abf","Sebastes_nebulosus",79,3.90000009536743,0.0296052631578947,-Inf
"352","c4436ff5-faa9-4bb1-b807-ad06b09fd275","Sebastes_paucispinis",50,3.50999999046326,0.0598684210526316,-Inf
"353","1881c0b9-f55f-4bbe-813f-3829f8b46f8d","Sebastes_pinniger",84,3.79999995231628,0.0530444979667664,-Inf
"354","09426e2a-1938-4ec1-9099-0cb0622eb1ae","Sebastes_proriger",55,3.80999994277954,0.0401315789473684,-Inf
"355","96ec9bda-3ba4-4953-94fa-c813b764fa68","Sebastes_reedi",99,3.88000011444092,0.0381578947368421,-Inf
"356","2b0e4380-7e32-4f7d-a813-e7d8d5b64bb1","Sebastes_ruberrimus",118,4.42999982833862,0.068421052631579,-Inf
"357","dce1b60f-4800-4a40-b1ea-4b8f42a6c2e1","Sebastes_saxicola",38,3.70000004768372,0.025,-Inf
"358","7b2c663f-7bec-4eb2-917e-e7b4b47fce90","Sebastes_variabilis",50,3.76999998092651,NA,NA
"359","096b1f40-8284-4c0e-8c1b-e1f9abe02686","Sebastes_variegatus",47,3.70000004768372,0.025,-Inf
"360","8cfceb14-3da0-4b69-9d6c-5a3e699c81d5","Sebastes_wilsoni",26,3.57999992370605,0.0151315789473684,-Inf
"361","21f61276-14c1-4b84-81a5-373ab1f6fa57","Sebastes_zacentrus",58,3.70000004768372,0.0256578947368421,-Inf
"362","b59575d1-9b9c-4154-ab41-cf1b9d9370a5","Sebastolobus_alascanus",100,3.61999988555908,0.064327365473697,-Inf
"363","19a1de50-ed4b-47ff-963b-a1552759cdb2","Sebastolobus_altivelis",45,3.32999992370605,0.0256578947368421,-Inf
"364","8aa592e2-e9ef-40be-9799-e5e6b7dff8f6","Squalus_acanthias",75,4.36999988555908,0.0625,-Inf
"365","28fa712e-aa96-4505-8e15-04f97c998656","Squalus_suckleyi",70,4.51000022888184,0.0921052631578947,-Inf
"366","43bd843d-2441-4762-93dc-d0cff3c6f0a7","Thaleichthys_pacificus",5,3.25,0.0223684210526316,-Inf
"367","9011bcb3-9a2a-4446-b5d9-7dad597729ec","Urophycis_tenuis",23,4.26999998092651,0.0875,-Inf
"368","d874d1b5-db22-4d50-a6ec-938ede13e8f6","Zaprora_silenus",9,3.71000003814697,0.0578947368421053,-Inf
